"VARIETY","TRS_TON","TCA"
1965357,252.783246287762,27.1001618039856
1970321,254.273200665908,30.7179036808585
1972370,257.55454676259,32.0462947985383
1974383,237.554794520548,30.0996873045654
1977042,234.412621016038,37.1049730471698
1979318,259.629032258065,29.7065138623656
1982089,256.444644859813,29.5520653461481
1983153,247.651157341658,29.9173486336943
1985384,256.322257413903,35.9143440253608
1985845,247.543445902344,32.0322881199015
1986454,250.860635696822,27.3507389162562
1990018,264.926666666667,31.6028052083333
1991555,267.446375251287,32.1731770379272
1994428,274.695089820359,36.4084789233333
1995462,255.854716709023,41.2495436302273
1995988,262.397400599598,34.997848444253
1996092,252.700428571429,42.3613819686957
1996509,255.108533333333,42.5214498525333
1996540,256.92950953146,33.4728525316337
1996561,270.727333333333,40.4047750809333
1997128,266.1072419,34.8299006828938
1997137,242.660977272619,48.1784835013253
1997606,253.59976744186,44.5318719476744
1997609,261.620506329114,39.1059447158228
1998207,256.480158932877,46.6612890121622
1998209,261.231612743537,41.1540251987671
1998718,256.689549386364,50.9063786363636
1998734,245.376385490909,49.2815459659091
1998741,250.469460580556,59.3632890277778
1998771,251.992774131818,51.6262553977273
1998776,264.114204381818,49.4093129545455
1998778,275.949933627273,47.9230864204545
1998781,254.622640554545,49.3300219318182
1999213,255.63988725625,45.9402592748387
1999214,257.110393878571,45.82218702
1999215,235.271400742857,47.8310225969231
1999221,237.297576864286,49.5699206746154
1999225,249.044334076923,42.1531096366667
1999226,278.725105318112,35.6985797154717
1999227,249.512746557143,42.8319396638462
1999229,236.549268371429,49.7695290869231
1999230,233.256416428571,47.59800577
1999231,261.25060265,42.6413423393548
1999233,262.549095799479,33.459526026102
1999234,255.100283235714,45.0881254807692
1999236,259.588638628571,40.0689846161538
1999238,242.490191085714,48.2401663469231
1999240,253.314929735714,46.8210233176923
1999243,256.839910907143,45.9812149046154
1999800,225.14,51.43001015625
1999804,258.7667098,48.8288796877273
1999805,221.514285714286,50.6109508928571
1999806,239.84125,55.04129296875
1999808,261.337498663636,46.285696875
1999809,274.29,53.751225
1999813,262.775,35.265828125
1999814,261.476666666667,35.635634375
1999815,266.365429445455,46.48545
1999817,252.355,44.45161875
1999821,243.59,42.99423046875
1999822,233.09,41.884528125
1999825,258.659666386842,49.369134375
1999829,256.52875,46.4203265625
1999832,252.156666666667,36.5333451388889
1999833,265.51875,46.58566171875
1999837,260.201666666667,33.85806875
1999838,262.42,48.14542734375
1999839,248.255714285714,53.0122607142857
1999854,247.51625,37.39835859375
1999855,232.36375,46.89874921875
1999857,224.24125,52.3463015625
1999859,256.46875,49.169484375
1999861,249.1175,49.03364296875
1999862,263.1075,43.77694921875
1999866,245.161354384211,52.4488562162162
1999870,243.183211231818,48.27466875
2000246,247.4886049,43.6297640625
2000247,213.885662276667,46.9077362075862
2000248,230.00165598,41.396746875
2000249,260.006843921429,39.6973658661538
2000250,220.051017328571,47.4717903853846
2000251,269.9681657,39.1081453125
2000252,244.30998736,37.570121875
2000253,263.01449476,38.544171875
2000254,266.95818492,46.2021484375
2000255,253.505949078571,44.4651439907692
2000256,250.84346144,42.61015
2000257,266.753885064286,40.4516088953846
2000258,255.45656242,34.3505765625
2000259,231.042094692857,49.7333560107692
2000260,282.35321954,46.349428125
2000261,270.54672978,42.019896875
2000262,249.135652,40.71725625
2000263,233.966504635714,42.7798990384615
2000264,218.503882614286,57.2547858176923
2000265,232.18440266,38.444725
2000266,248.861448754321,38.92109295975
2000267,237.73033332,45.432096875
2000268,238.7310374,51.8076915876923
2000269,234.26248738,44.2623671875
2000270,234.579217778571,50.5426889430769
2000271,255.035664935714,40.6376754807692
2000272,252.14161702,39.67060625
2000273,235.480216185714,49.7553163476923
2000274,261.52943778,41.0653203125
2000275,247.056442,46.2286171875
2000276,276.40526712,36.09354375
2000277,238.75356682,44.5338609375
2000278,253.68215082,45.9246046875
2000900,275.5,57.56953125
2000901,263,55.23045
2000902,232,65.83005
2000903,256,61.483125
2000904,238,64.405275
2000905,238.013277631818,51.299634375
2000906,243,51.21249375
2000907,242.5,61.73495625
2000908,272,49.06171875
2000909,262.8125,47.30882578125
2000910,246,48.52629375
2000911,256,42.697875
2000912,223.425,49.32120703125
2000913,260,44.96435625
2000914,259.825,45.872990625
2000915,232,73.952175
2000916,248,50.7973125
2000917,236.2625,50.75051953125
2000918,242,49.7355375
2000919,271,53.279325
2000920,247.7875,50.9907234375
2000921,252.8375,45.36819375
2000922,239,49.929515625
2000923,221.6625,49.485975
2000924,265,53.44040625
2000925,260.5875,35.97556875
2000926,251,44.68303125
2000927,244.536005158333,47.2619865972222
2000928,266.0875,50.6413359375
2000929,264,43.786875
2000930,255.978764844444,45.7181778472222
2000931,238.4125,48.1908428571429
2000932,260.375,54.92416875
2000933,218.827271909091,54.3803425
2000934,230.446618013636,49.386789375
2000935,226.2625,52.34545078125
2000936,242.825,41.98236796875
2000937,274.0875,50.71989140625
2000938,249.7375,47.15058046875
2000939,240.191373881818,53.4693526190476
2000940,264.0875,47.7101109375
2000941,235.225,56.0454984375
2000942,254.363988895455,48.61940875
2000943,253.85,41.6809078125
2000944,253,58.970484375
2000945,236.415980609091,46.306610625
2000946,237,64.0014375
2000947,269.8625,41.439853125
2000948,259.35,49.2086203125
2000949,251.5,46.25328984375
2000950,299.347842140899,28.6874599401706
2000951,236.371090154545,46.06987
2000952,259.5,64.2010875
2000953,262.4875,49.91391796875
2000954,254.5,50.58405
2000955,237,64.7955
2000956,253.5,50.302725
2000957,246.375,47.36781328125
2000958,264.5,60.907996875
2000959,258.5,46.80658125
2000960,210.678489036667,54.6702136979167
2000961,212.266666666667,54.692378125
2001040,199.293333333333,49.0486104166667
2001279,206.97673916,48.3384601575
2001280,252.374441776923,45.0993468758333
2001281,228.420262046154,53.8089205733333
2001282,224.33365264,44.122933595
2001283,277.325843011084,33.1692499775518
2001284,216.37311644,52.98665625
2001285,232.00778514,45.5075328125
2001286,223.6193559,54.5180625
2001287,225.43443322,48.60645625
2001288,228.813739,50.40169922
2001289,209.59400816,55.229221095
2001290,219.308334108333,48.5461625
2001291,272.54004746,40.2841140625
2001292,258.775849751613,47.6283754376667
2001293,234.06277462,48.856775
2001294,198.98547572,44.0951414075
2001295,233.32418396,42.6172776575
2001296,277.179969072727,46.0335425
2001297,244.09415352,49.614915625
2001298,219.09332155,50.2191593775
2001299,264.833958974922,35.647438684737
2001300,218.378548638462,53.3079364583333
2001301,242.1905791,47.97120625
2001302,250.03275008,46.32021797
2001303,216.7478886,47.54080547
2001304,230.5241136,52.8577156275
2001305,225.8836832,47.3311351575
2001306,230.493825261538,44.5111734375
2001307,262.3052745,45.90966875
2001308,212.17376466,50.8568671875
2001309,239.5540254,48.2693578125
2001310,227.64275208,45.0590765625
2001311,223.00893594,48.33335547
2001312,238.979477669231,46.3095044275
2001313,241.24390826,45.67523125
2001314,235.26354484,50.0979703125
2001315,222.778798146154,47.317396615
2001500,249.765555555556,46.8007833333333
2001501,238.5,76.725721875
2001502,274,53.31789375
2001503,242.5,63.17788125
2001504,244.5,57.40845
2001505,261,50.37305625
2001506,227.304444444444,47.0027020833333
2001507,218.36,42.77576875
2001508,274,49.51093125
2001509,258,50.290246875
2001510,223.442222222222,42.0699354166667
2001511,237.5,58.9375875
2001512,228.5,49.394090625
2001513,232,47.54619375
2001514,226.5,51.54373125
2001515,235,56.5508625
2001516,259.5,65.63266875
2001517,276.274054054054,46.4649688175676
2001518,235.5,53.93045625
2001519,250.5,43.6189875
2001520,227.509565217391,47.68292375
2001521,228,58.4067
2001522,232,58.1208375
2001523,267.436621621622,39.5855523175676
2001524,223.5,47.5893
2001525,251.5275,43.9076859375
2001526,236.848888888889,48.3793291666667
2001527,207.622857142857,46.6856892857143
2001528,240.273333333333,47.4420833333333
2001529,247.163043478261,47.3454192391304
2001530,231.5,49.55176875
2001531,266.085555555556,44.5274958333333
2001532,268.934444444444,41.2083145833333
2001533,243.958888888889,44.5085895833333
2001534,286.981304347826,39.5274645652174
2001535,253.138888888889,45.96185
2001536,226,60.42135
2001537,229.5,54.67460625
2001538,196,55.81125
2001539,270,55.22364375
2001541,255.482173913043,47.5920225
2001542,224.5,77.376853125
2001543,249.104444444444,43.4379916666667
2001544,258.582608695652,47.1839105434783
2001545,243.763333333333,38.214825
2001546,246.5,49.321490625
2001547,241.5,58.53375
2001548,249.5,44.858859375
2001549,234,55.8883875
2001550,275.5,53.827228125
2001551,270.062972972973,42.3665966216216
2001552,243,56.62119375
2001553,249.349545454545,50.45975
2001554,223.5,61.572740625
2001556,263,56.564475
2001557,207,61.25625
2001558,254.706956521739,46.0222513586957
2001559,239,55.3212
2001560,249.5,57.368746875
2001561,270.223611111111,43.8422198958333
2001562,216,62.58346875
2001563,206,50.230125
2001564,278.701351351351,37.4391609290541
2001565,244.5,58.38855
2001566,262,55.70235
2001567,256,52.61685
2002095,250,35.336159375
2002096,196.833333333333,33.226221875
2002097,234.166666666667,18.0411
2002098,238.793888888889,29.7528916666667
2002099,226.833333333333,28.24820625
2002316,251.448491008696,41.30377625
2002317,197.61926532,40.2005484375
2002319,228.10605776,46.516559375
2002320,220.743855922222,47.97295507875
2002322,238.840749255556,43.25414414125
2002323,243.882532555556,43.8244984375
2002324,240.873918752174,42.82084125
2002325,244.92090823913,42.5208609377273
2002326,232.101866511111,41.4029386725
2002327,212.4182629,45.309489845
2002328,242.94614154,56.50775625
2002329,197.4137247,56.55766875
2002332,201.73287618,50.4961359375
2002333,227.931312833333,46.366396485
2002334,218.383995633333,51.044984375
2002335,231.2635009,41.8644875
2002336,242.91530631,48.14006007
2002337,211.64729242,42.0396539075
2002338,222.51832122,50.72244375
2002339,205.77148668,41.5867546875
2002340,234.60596732,44.222475
2002341,235.20420139,42.2207652788889
2002342,243.572569341667,44.5482148917391
2002343,253.30485601,42.1604333333333
2002344,214.32108844,46.842125
2002345,271.4007268,44.3455546875
2002346,227.91692958,43.24464375
2002347,218.00204422,42.8590507825
2002348,223.64329852,48.8259578125
2002349,228.30439496,45.5162296875
2002350,217.56934974,51.1139921875
2002351,246.5394117,46.088521875
2002352,197.65121956,45.2978625
2002353,237.65702191,51.1511534733333
2002354,203.78745006,45.58922882
2002355,207.4066414,44.407945315
2002358,202.84674092,42.8674640625
2002359,225.2638587,51.853415625
2002360,187.76565472,51.826190625
2002361,235.990171,43.8872671875
2002600,279.02437924,39.4789725
2002601,246.51844046,42.839445
2002602,246.5,53.37688125
2002603,260.3852407,37.7329425
2002604,281.5,44.08635
2002605,236.5,48.887025
2002606,264.5,44.07500625
2002607,237,50.683875
2002608,238.5,52.78246875
2002609,257.5,50.893734375
2002610,249.250556422222,46.4004189814815
2002611,255.5,48.34479375
2002612,251.419923653333,43.5318574166667
2002613,231.5,60.89325
2002614,236.5,50.47515
2002615,265.27616128,43.35263625
2002616,278.5,42.821521875
2002617,261,41.101809375
2002618,259.94626287037,39.2688358333333
2002619,245.5,71.193375
2002620,255.856783377778,41.2046341666667
2002621,275.20042884,35.35257
2002622,247.511719306667,40.8498823333333
2002623,266.215042993103,38.6705862456897
2002624,238.424145873333,45.6064125
2002625,250.57112142,41.28734775
2002626,272.3878525,51.34272
2002627,260,45.375
2002628,260,49.101421875
2002629,268.7797623,39.12459375
2002630,258.5,51.9589125
2002631,269.92027826,44.98659
2002632,263.35539048,40.0336264166667
2002633,248.5,43.18565625
2002634,244.202008766667,41.4124718333333
2002635,250.5,40.527815625
2002636,234.151637686667,43.6598451666667
2002637,247.08336332,43.3576275
2002638,274.5,49.322625
2002639,259.59217468,38.5830078333333
2002640,269.976171986667,43.8917618333333
2002641,255.5,46.473075
2002642,268.84213164,47.209965
2002643,238.5,56.673375
2002644,251.5,52.12906875
2002645,264,51.72069375
2002646,247.25474528,51.6086175
2002647,253,52.18125
2002648,260.09529882,51.32320875
2002649,256.5,43.3558125
2002650,253,46.12595625
2002651,258.5,51.046875
2002652,246.499635,42.6983489166667
2002653,250.468831786667,41.191909
2003362,219.2983422,39.6713625
2003363,231.982778675,53.18933125
2003364,220.052514166667,45.40738125
2003365,228.555057483333,41.3916593754545
2003366,214.919075675,44.6537895833333
2003367,236.56108025,44.3601125033333
2003368,214.884397625,39.4415885433333
2003369,219.03257675,51.1719083333333
2003371,278.840335492279,31.99877446164
2003372,235.1931838,43.21729271
2003373,223.9207274,35.9654854166667
2003374,239.9926357,50.8203025
2003375,226.67698615,43.3038833333333
2003376,221.6562828,48.1529583333333
2003377,201.322501175,66.7393145833333
2003378,252.880632317241,40.2404379242857
2003379,212.9532587,42.9198343766667
2003380,223.847248075,51.31055417
2003381,242.028539272727,36.425121563
2003382,209.909332525,50.871425
2003385,219.368699675,41.9239791666667
2003386,221.50713875,34.8561125
2003387,225.4840824,39.333211876
2003388,221.608262925,44.4940947933333
2003389,225.3731831,44.1332375
2003390,220.841436541667,46.4008875
2003391,244.094271258333,39.7030218754545
2003392,243.439158191667,40.6727406254545
2003393,236.015021158333,44.14045625
2003394,204.724277725,54.13905521
2003395,199.127629525,41.5723229166667
2003396,258.518870196552,35.5725658260714
2003397,232.385213309091,39.913854063
2003398,216.054662975,44.3785145833333
2003399,227.25562265,32.27675
2003700,223,39.0724125
2003701,250,37.30505625
2003702,249.5,47.053875
2003703,252.625,42.08446171875
2003704,255.285714285714,42.9520614285714
2003705,215,38.1830625
2003706,220,36.44746875
2003707,277,37.047553125
2003708,275.857142857143,40.4418083928571
2003709,232,41.4183
2003710,210,41.354775
2003711,255,38.8970705357143
2003712,231,46.52979375
2003713,252.875,36.80734921875
2003714,231.125,36.9573703125
2003715,222,42.3484875
2003716,252.727272727273,44.561941875
2003717,239.625,41.1908578125
2003718,261.75,34.92740625
2003719,246.571428571429,42.1183714285714
2003720,239.285714285714,38.6488044642857
2003721,226.857142857143,36.7955598214286
2003722,232,63.05990625
2003723,233,39.1677
2003724,268,52.79835
2003725,240.375,38.9277796875
2003726,267,33.4731375
2003727,222.714285714286,35.6968366071429
2003728,280,41.32755
2003729,271,49.2091875
2003730,243.875,39.5777765625
2003731,234.5,38.7848484375
2003732,265.5,47.80483125
2003733,193,48.723675
2003734,197,46.9767375
2003735,249.75,38.91133125
2003736,239.125,33.7175142857143
2003737,252,45.124303125
2003738,239.625,34.44189375
2003739,217.125,38.0497734375
2003740,204,44.8804125
2003741,255,49.986234375
2003742,247,49.1093625
2003743,276.314210526316,42.9526954276316
2003744,209.714285714286,44.7109044642857
2003745,225,42.7251
2003746,248.5,62.06619375
2003747,251.5,39.411590625
2003748,234,45.866184375
2003749,249.571428571429,34.73683125
2003750,248,36.091275
2003751,246,33.3234
2003752,244.5,50.0894625
2003753,226,47.4123375
2003754,245.5,52.186921875
2003755,185,44.3994375
2003756,224,45.9966375
2003757,264.772727272727,38.1463775
2003758,210,43.7415
2003759,247.857142857143,36.0932196428571
2003760,235.5,50.7337875
2004400,246.8975,39.0390343754545
2004401,258.322590925,19.1558125
2004402,243.413405425,23.43089375
2004403,234.6229894,46.624816563
2004404,266.012594809091,37.4280729166667
2004405,253.621050175,31.47588125
2004406,235.292426925,26.9966125
2004407,259.142748183333,39.212961564
2004408,261.407160621429,40.6440832457692
2004409,268.881316941667,30.663857813
2004410,274.5155348,41.783304063
2004411,237.259166375,29.48089375
2004413,223.239584175,26.67445
2004414,230.027082475,26.6971375
2004415,220.399998525,25.25194375
2004416,238.525927925,28.19905
2004417,268.323752258333,33.741303751
2004418,265.24201985,27.346378125
2004419,228.885612875,32.780790625
2004420,238.442068125,32.1300375
2004421,220.765698275,33.55859375
2004422,225.78032205,30.411459375
2004423,265.627529625,41.059837501
2004424,257.443900575,27.736225
2004425,249.529811292857,47.4009675726923
2004426,236.7432068,24.17353125
2004427,240.283823775,30.884871875
2004428,243.8755595,20.930353125
2004429,264.717214891667,37.177628126
2004430,271.225624,35.482115625
2004431,268.914723716667,40.166025626
2004432,234.8653136,26.87031875
2004433,255.114355425,26.29935
2004434,252.612800432143,41.3658133419231
2004435,252.628436175,24.30814375
2004436,281.286336133333,18.392
2004437,260.438992275,29.95355
2004438,232.6730816,23.873678125
2004800,235,47.095846875
2004801,246.333333333333,54.99194765625
2004802,262.444444444444,45.1952015625
2004803,255.506086956522,50.6086625
2004804,208,55.8883875
2004805,250,51.80236875
2004806,278.5,46.614871875
2004807,256.555555555556,56.2201921875
2004808,250.5,49.8036
2004809,271.944090909091,46.504693452381
2004810,257.541304347826,51.809044375
2004811,246,53.12505
2004812,248.333333333333,45.76749375
2004813,261.555555555556,45.45866015625
2004814,246.506511627907,51.0711686309524
2004815,254.5,48.974371875
2004816,248.222222222222,52.12594921875
2004817,221,45.10048125
2004818,234.5,48.46730625
2004819,251.777777777778,49.28944453125
2004820,248.777777777778,57.389165625
2004821,271.545652173913,44.602325625
2004822,195,60.031125
2004823,277.666666666667,46.6846359375
2004824,242.714782608696,47.7551525
2004825,242.333333333333,43.46698125
2004826,253,50.58178125
2004827,276.444444444444,50.5607953125
2004828,236.222222222222,50.31860625
2004829,259.888888888889,49.67343046875
2004830,231,43.844728125
2004831,225,66.655875
2004832,245.777777777778,53.7563296875
2004833,248.111111111111,45.5910984375
2004834,222,55.3166625
2004835,243,52.105246875
2004836,254.689565217391,46.3401675
2004837,277.444444444444,44.76442265625
2004838,267.83880498441,32.3989767181903
2004839,252.111111111111,41.90296171875
2004840,247,54.8992125
2004841,262.5,48.273328125
2004842,229.5,53.908903125
2004843,265.111111111111,47.944359375
2004844,244.444444444444,40.9481015625
2004846,218,58.724325
2004847,248.149523809524,51.6928925595238
2004848,239.375,47.9730428571429
2004849,269.375,40.2936482142857
2004850,224.5,47.113996875
2004851,239,47.023246875
2004852,200.444444444444,64.01476640625
2004853,253.888888888889,52.57828125
2004854,256.444444444444,51.9095671875
2004855,266.888888888889,46.10780625
2004856,265.408636363636,45.0740629166667
2004857,215,66.1249875
2004858,243.8915164,55.10113125
2004859,245,49.56084375
2005439,240.044,41.25419375
2005440,250.922,36.3580421875
2005441,258.45831755,42.7531975961538
2005442,274.726378171429,40.3259259615385
2005443,261.518,33.4668984375
2005444,269.192,35.6882882825
2005445,252.198874621429,46.7710375
2005446,247.312,40.259252345
2005447,252.792749307143,44.9897487992308
2005448,235.084583407143,54.2631480769231
2005449,256.876,34.17862422
2005450,232.985088921429,54.8268161069231
2005451,250.515046921429,49.0061925484615
2005452,252.238,40.2209671875
2005453,245.956649228571,47.0963995192308
2005455,241.268,33.819878125
2005456,237.900882514286,43.6097670676923
2005457,235.78401293125,49.4635192541935
2005458,242.316,38.7185820325
2005459,228.97726523125,42.8192384883871
2005460,270.305071357143,42.9357447123077
2005461,245.268,40.35879375
2005462,255.772,44.375615625
2005463,262.478,36.8870390625
2005464,250.492,41.0006609375
2005465,227.054,52.8559195325
2005466,254.668123628571,41.08950577
2005467,260.068,37.539115625
2005468,258.294,38.13229922
2005469,247.028,41.62475625
2005470,248.7833741,42.6778343753846
2005471,269.976,41.15427422
2005472,259.458,34.98781172
2005473,240.532,41.2827421875
2005474,225.1014672,51.225425626
2005900,246,45.075525
2005901,243.5,48.2472375
2005902,275.321339828571,40.6703077198795
2005903,243.596,55.4586635625
2005904,246.651861715385,49.1974636858974
2005905,255.856666666667,46.42165
2005906,223.175555555556,52.5808020833333
2005907,262,42.9383625
2005908,257,44.845246875
2005909,243.636666666667,50.2185291666667
2005910,278.5,40.80800625
2005911,238.794444444444,61.00290625
2005912,229.094444444444,54.87576875
2005913,242,46.1373
2005914,231.5,37.4616
2005915,242.842222222222,53.3357916666667
2005916,231.5,46.959721875
2005917,267.721111111111,43.3190083333333
2005918,252.337027091892,43.2039656756757
2005919,239.62,48.2046354166667
2005920,232.444285714286,56.6169803571429
2005921,239.5,50.70883125
2005922,238.964444444444,51.69195625
2005923,240.774285714286,51.0839960714286
2005924,243,43.179984375
2005925,234,40.828425
2005926,240,47.870625
2005927,242.924444444444,55.7441958333333
2005928,235.5,51.370171875
2005929,223,52.593028125
2005930,235.51,50.339251875
2005931,251.110952380952,48.6658110714286
2005932,235,40.84430625
2005933,256.348888888889,45.2706375
2005934,254.5,50.049759375
2005935,229.122222222222,44.50985
2005936,215.66,50.7688270833333
2005937,253.835882352941,51.9967605882353
2005938,260.5,41.65425
2005939,232.508888888889,54.9385375
2005940,249.5,53.00934375
2005941,249,58.317084375
2005942,243,46.2144375
2005943,243,44.01375
2005944,244.5,54.1233
2005945,250.5,41.181215625
2005946,231.5,43.7914125
2005947,274,46.418625
2005948,236.203333333333,59.5693083333333
2005949,262,43.823175
2005951,242,45.9240375
2005952,237,51.53465625
2005953,246.818888888889,57.42055
2005954,226.5,54.6315
2005955,273.5,39.334453125
2005956,238.5,56.4782625
2005957,254.645555555556,45.70548125
2005958,233.895555555556,54.30101875
2005959,271.5,46.247334375
2005960,235,45.4113
2005961,285.781750738462,29.9317689672679
2006001,243.995833333333,53.2263531254545
2006002,258.46,40.4379164075
2006003,225.216428571429,48.48344928
2006004,256.402,43.0300578125
2006005,229.194,51.267227345
2006006,229.754,38.471571875
2006007,252.13,46.498314845
2006008,237.846428571429,42.546625
2006009,234.7975,43.42628125
2006010,261.608571428571,46.5060649523077
2006011,238.879285714286,50.8484466346154
2006012,263.856,42.00193594
2006013,227.406,47.727315625
2006014,237.41,48.6210140625
2006015,231.754,49.3209234375
2006016,215.621428571429,55.8038911061538
2006017,233.644,47.606315625
2006018,236.52,39.6272164075
2006019,239.912,45.411678125
2006020,238.076,46.448496875
2006021,229.058,56.81772422
2006022,248.742,44.3504703125
2006023,240.499,43.9440805824138
2006024,213.243571428571,47.7252504815385
2006025,220.252142857143,40.4661230769231
2006026,203.360714285714,48.1389483176923
2006027,228.269285714286,49.8573519230769
2006028,213.146428571429,49.8364387030769
2006029,230.24,48.114515625
2006030,225.796,47.23074297
2006031,244.456,43.67107422
2006032,247.825,45.7259
2006033,241.69,42.94507422
2006034,220.452,54.79995469
2006035,234.756,50.410490625
2006036,244.32,50.498971875
2006037,215.774,41.4119664075
2006038,234.2475,44.8156438888889
2006039,263.92,41.4041203125
2006040,235.784333333333,44.3571944186207
2006500,244.5,52.9390125
2006501,258,61.78486875
2006502,274.041428571429,43.4767044642857
2006503,249,55.57756875
2006504,236.5,46.1466991071429
2006505,239.562857142857,46.82019375
2006506,249.5,59.1463125
2006507,254,54.380803125
2006508,233,62.0321625
2006509,269,47.25125625
2006510,235.5,53.3927625
2006511,257,53.847646875
2006512,253.214117647059,43.3773789705882
2006513,252.49,42.088687265625
2006514,255,72.31640625
2006515,249,48.604565625
2006516,244.5,54.421640625
2006517,236,54.55209375
2006518,248.5,58.829821875
2006519,243,77.09439375
2006520,231.5,58.015340625
2006521,239,60.626671875
2006522,253.5,47.54619375
2006523,273.163529411765,53.8237983088235
2006524,214,74.86875
2006525,232.478571428571,51.0092785714286
2006526,236,70.53316875
2006527,249.5,52.338928125
2006528,241.15,46.2808794642857
2006529,253.548571428571,44.39263125
2006530,248.104444444444,50.7044954166667
2006531,256.34,45.4145410714286
2006532,232.213333333333,45.96563125
2006533,241,57.290475
2006534,247,75.02529375
2006535,233.127142857143,50.1659517857143
2006536,256.860588235294,45.8401471323529
2006537,247.007878787879,45.1064716666667
2006538,257.5,49.146796875
2006539,264.051764705882,39.9973952205882
2006541,238,56.3330625
2006542,272,54.2367375
2006543,258.542857142857,43.1801464285714
2006544,243.5,62.6220375
2006545,218.5,60.08330625
2006546,242.802857142857,47.7088955357143
2006547,273.5,64.12621875
2006548,235,33.41415
2006549,264.864285714286,43.6789473214286
2006550,284.5,48.865471875
2006551,240,55.84528125
2006552,274.58,44.737103125
2006553,242.5,63.042890625
2006554,239.368333333333,40.503615625
2006556,239,55.8067125
2006557,236.871428571429,39.5008821428571
2006558,236.934285714286,44.621775
2006559,225.535714285714,52.2862607142857
2006560,243.976666666667,41.995696875
2006561,195,108.30105
2006562,271.923529411765,51.8481441176471
2006563,230.5575,48.78294609375
2006564,249.895,41.804365625
2006565,268.551176470588,42.3238248529412
2006566,270.212857142857,39.0192589285714
2006567,262.5,55.9337625
2007041,246.74,37.7881109375
2007042,236.8325,41.4228375
2007043,246.358461538462,41.3788174491667
2007044,250.8875,44.94910521
2007045,235.7725,59.14253125
2007046,213.9125,41.7544531266667
2007047,236.056923076923,37.4116875016667
2007048,239.24,59.3560458333333
2007049,246.1775,41.4035531266667
2007050,239.744615384615,36.6967476566667
2007051,247.96,41.59299375
2007052,253.09,46.8920375
2007053,231.2925,47.3881375
2007054,236.175384615385,35.4974296883333
2007055,222.63,45.2340854166667
2007056,231.31,50.4091041666667
2007057,229.841555555556,43.7969073443182
2007058,258.1125,42.3957531266667
2007059,245.861538461538,39.22662448
2007060,255.4875,39.95483021
2007061,244.875384615385,34.3255888033333
2007062,214.49,53.19386875
2007063,224.505,37.9415666666667
2007064,234.470769230769,40.2285927091667
2007065,225.835,55.8536
2007066,248.59,37.6500322933333
2007067,212.1975,52.12150625
2007068,236.681034482759,49.2628299335714
2007069,242.5975,42.94516875
2007070,224.42,48.7151041666667
2007071,228.1375,42.53830625
2007072,231.315,40.9051843766667
2007073,238.086,46.6999500025
2007600,264.682222222222,45.5907833333333
2007601,246,50.40028125
2007602,229.026666666667,52.9294333333333
2007603,225,63.2346
2007604,254.901052631579,47.6192713815789
2007605,252,58.019878125
2007606,177,62.1093
2007607,198.5,63.842625
2007608,250.426666666667,48.1968208333333
2007609,202,55.642228125
2007610,194.5,66.34051875
2007611,197.5,65.720015625
2007612,229.014736842105,47.7135797368421
2007613,287.901494129748,27.7057595379201
2007614,224,55.692140625
2007615,267.852222222222,45.3964270833333
2007616,265.407777777778,43.550925
2007617,259.101578947368,42.9243201315789
2007618,214.5,63.888
2007619,223,73.215965625
2007620,199.5,62.154675
2007621,234,50.5659
2007622,243,56.0698875
2008074,206.2548724,29.1723437533333
2008075,244.076286319355,35.3621138753333
2008076,235.3380112,28.5231031266667
2008077,216.981248307692,40.2912039075
2008078,235.55550715,27.3751156266667
2008079,230.8646476,32.1338187533333
2008080,218.188170675,31.7515343766667
2008081,228.2577553,27.1077812533333
2008082,223.034593675,31.8593
2008083,223.2695913,29.7160875
2008084,242.59472855,30.7797531266667
2008085,224.52352705,32.00865938
2008086,235.771488276923,38.3104906266667
2008087,229.9188817,34.41315625
2008088,242.512457076596,36.5542233021739
2008089,215.608448675,37.7459500033333
2008090,266.949908176344,37.9925360734783
2008091,245.2571351,28.2939593766667
2008092,243.040644748387,41.0522724803333
2008093,213.825217791667,36.3973671875
2008094,238.794618025,31.1348125
2008095,235.407916425,37.14321875
2008700,265.75,54.48403125
2008701,224.375,54.35953359375
2008702,280.5,48.028303125
2008703,255,51.464325
2008706,251.4255,45.4268863125
2008707,227.5,54.48403125
2008708,274,45.7017
2008709,256.699189189189,43.0006488851351
2008710,237.5,50.84977734375
2008711,253.011315789474,44.6538081578947
2008712,258.5,53.23621875
2008713,239,55.7159625
2008715,249.5,49.8988875
2008716,205.875,50.9419453125
2008717,244.389473684211,46.8926385197368
2008718,220.125,56.4266484375
2008719,256.625,50.97682734375
2008720,261.5,56.06223046875
2008721,260,51.45751875
2008722,236.875,46.848553125
2008723,251.272,49.90133775
2008724,232,59.381128125
2008725,246.5,61.6374
2008726,272.3005,41.2565835
2008728,255.375,53.3383125
2008729,244,52.27058203125
2008730,220.435263157895,59.1692373026316
2009096,188.58111598,45.863726565
2009097,201.81963368,33.9006078125
2009098,203.46381694,36.53954219
2009099,231.127518628571,43.3217292356098
2009100,189.18220034,33.7705328125
2009101,179.78266146,36.5017296875
2009102,177.91965004,41.510184375
2009103,202.274368,46.8608421875
2009104,189.3189324,36.398501565
2009105,206.989630025,45.3674375009091
2009106,178.20848522,49.3020171875
2009107,222.493546508333,42.9282906254545
2009108,231.333394883333,36.64643125
2009109,186.79830736,39.881127345
2009110,180.61520312,35.415376565
2009111,185.53801896,36.887889845
2009112,250.811224865942,35.9119446686765
2009113,233.945082925,34.67674375
2009114,223.133117783333,41.9713593754545
2009115,181.46563604,33.0708125
2009116,189.9853161,37.853621095
2009117,256.613953715385,39.0092759108
2009118,212.676983116667,40.1490718754545
2009119,226.9338133,34.4006781254545
2009120,187.96317796,40.628302345
2009121,215.93514241,37.2658993066667
2009122,188.20795252,48.6628914075
2009123,217.743492883333,44.4341218763636
2009124,176.0158725,37.866382815
2009125,244.86715780625,40.360371792
2009126,183.27375042,39.56983594
2009127,171.856122,35.924332815
2009129,226.182695054545,35.8831687509091
2009130,175.5674214,55.1250476575
2009131,255.831816269048,36.0380980826829
2009800,259.662258064516,45.9971761451613
2009801,250.135714285714,49.1900651785714
2009802,253.75,49.1284848214286
2009803,288.376666666667,41.61114375
2009804,278.706613138068,31.5698561385298
2009805,237.904285714286,53.82155625
2009806,226,49.32489375
2009807,229,45.71985
2009808,241.794285714286,46.2585160714286
2009809,235.444285714286,52.4207651785714
2009810,249.972,52.52005
2009811,243.641428571429,49.56991875
2009812,232.5,53.477840625
2009813,231.935714285714,56.8286223214286
2009814,265.661290322581,60.0936722419355
2009815,238.5,47.37376875
2009816,250.427142857143,49.7303517857143
2009817,252,47.846803125
2009818,234.5,48.981178125
2009819,242.01,51.6736982142857
2009820,245,52.44669375
2009821,225.5,57.51054375
2009822,252.727142857143,52.2745928571429
2009823,247.5,55.7205
2009824,247.575714285714,54.0814901785714
2009825,253.045714285714,51.2478214285714
2009826,258.5,48.7191375
2009827,240.348571428571,55.3293026785714
2009828,247.5,56.95696875
2009829,216.822857142857,60.5406214285714
2009830,229.5,51.141028125
2009831,266.302857142857,54.87425625
2009832,253.664,51.10408985
2009833,263.5,47.925075
2009834,233,56.437425
2009835,240,46.519584375
2009836,232,65.139215625
2009837,260,44.077275
2009839,228.5,48.71686875
2009840,273.68116225,30.9786824023256
2009841,244.861428571429,48.3412285714286
2009842,229,44.468634375
2009843,229.5,54.80619375
2009844,221,52.361615625
2009846,263.277333333333,51.55100335
2009847,245.104285714286,53.6121830357143
2009848,239.248571428571,46.7239339285714
2009849,269,54.60654375
2009850,238.631428571429,50.2930017857143
2009851,254,47.245584375
2009852,226,56.3875125
2009853,245.832857142857,51.7223142857143
2009854,238.495714285714,55.3792151785714
2009855,242.5,50.69521875
2009856,233.372857142857,54.1657580357143
2009857,236.5,54.904884375
2009858,202.5,49.890946875
2009859,235,44.512875
2010132,251.231666666667,31.0427218754545
2010133,253.29,35.4674375
2010134,202.0925,46.1071760433333
2010135,210.0875,48.26463125
2010136,227.575,45.2542520833333
2010137,232.6675,50.4829645833333
2010138,236.073333333333,44.7822375009091
2010139,215.68,47.2247875
2010140,200.2325,52.9620781266667
2010141,233.675,43.7275781254545
2010142,247.1,41.0644781254545
2010143,205.4225,44.5714843766667
2010144,235.946666666667,45.9976343754545
2010145,247.629166666667,39.1693500009091
2010146,254.785862068966,43.5880460717857
2010147,244.672873052459,45.3469695951667
2010148,238.345,42.42755
2010149,215.945,34.7333020833333
2010150,247.615,36.0708906254545
2010151,235.884166666667,40.0134968754545
2010152,212.735,50.9050781266667
2010154,207.5875,46.9045156266667
2010155,186.01,38.3915354166667
2010156,232.848965517241,49.7116670092857
2010157,222.69,59.28924375
2010158,227.1275,46.4975270833333
2010159,204.98,43.3432083333333
2010160,228.6225,42.02846771
2010161,213.325,35.4381270833333
2010162,208.79,38.8509572933333
2010163,248.735833333333,39.60653125
2010164,199.035,58.2512906266667
2010165,203.9175,55.94964375
2010166,188.3225,42.1377458333333
2010900,284.936666666667,47.8877666666667
2010901,261.695555555556,51.8971520833333
2010902,253.5,62.136525
2010903,246,56.5690125
2010904,232.5,49.071928125
2010905,234.5,58.1752875
2010906,282,59.136103125
2010907,244,55.065965625
2010908,264.622222222222,45.3702104166667
2010909,269.135555555556,41.79264375
2010910,252,51.392859375
2010911,251.5,52.4489625
2010912,266.672222222222,46.28779375
2010913,245.5,48.7645125
2010914,264.5,59.036278125
2010915,262.817777777778,42.4102479166667
2010916,233.5,62.96235
2010917,267.204,49.1883376875
2010918,245.5,55.4890875
2010919,255,48.3652125
2010920,254.5,54.1369125
2010921,226.5,58.553034375
2010922,258.441111111111,36.4003291666667
2010923,242.5,39.6713625
2010924,244,50.952721875
2010925,263.25,38.6335354166667
2010926,259,46.576303125
2010927,286.535555555556,35.6153416666667
2010928,249,60.8025
2010929,247.5,48.572803125
2010930,240.5,74.280009375
2010931,260.943333333333,40.2851854166667
2010932,270.5,41.399015625
2010933,273.5,49.0276875
2010934,262.5,59.25975
2010935,252.5,64.53459375
2010936,241.5,61.5874875
2010937,258.753076923077,46.3849738141026
2010938,259.422222222222,43.6401625
2010939,230,86.533528125
2010940,250.5,64.5187125
2011167,226.012,45.2734734375
2011168,252.890594079167,36.9069051082979
2011169,234.88,39.8498375
2011170,243.484,34.714427345
2011171,251.5,32.162178125
2011172,242.396530453191,40.2455206530435
2011173,277.476153846154,37.6091632825
2011174,244.884,45.9974882825
2011175,231.068,47.8579578125
2011176,242.716,37.8784828125
2011177,237.482,33.646696875
2011178,265.77,41.3174278853846
2011179,233.542,37.3903234375
2011180,271.54,39.9163875007692
2011181,225.326,40.331096095
2011182,226.456,49.0606789075
2011183,264.654506106504,30.5631369032313
2011184,230.194,38.6127070325
2011185,274.713571428571,34.7983492792308
2011186,216.96,45.5217125
2011187,259.444446875,38.9873681659574
2011188,244.75,35.415471095
2011189,231.3,44.3257976575
2011190,269.005714285714,37.9251521646154
2011191,248.85875,41.0444246380645
2011500,235.5,57.150946875
2011501,243.707777777778,51.5321354166667
2011502,233,48.427603125
2011503,251,47.579090625
2011504,246.525263157895,49.0774328289474
2011505,274.404444444444,41.3411625
2011506,294.872222222222,46.8496875
2011507,265,52.268596875
2011508,279.268888888889,47.5721583333333
2011509,281.935555555556,48.7814020833333
2011510,280.991111111111,41.70189375
2011511,264.858335132353,45.1050988226471
2011512,282.41877666383,42.0834395793617
2011513,245.5,47.388515625
2011514,256.5,57.0227625
2011515,269.452785861446,36.1290110807831
2011516,299.58,43.65301875
2011517,269.2,49.9309020833333
2011518,273.735555555556,44.1024833333333
2011519,279.523333333333,42.89525625
2011520,283.59,38.51959375
2011521,263.574444444444,47.2651208333333
2011522,256,54.290053125
2011523,250,50.56816875
2011524,278.774444444444,45.9502541666667
2011525,250.5,44.169159375
2011526,262.358888888889,58.1258791666667
2011527,258,46.3551
2011528,294.444444444444,45.9711770833333
2011529,275.394504161905,45.1280303571429
2011530,242,59.18034375
2011531,273.5,50.396878125
2011532,273.839687560241,37.256825326988
2011533,283.323333333333,46.6838166666667
2011534,285.605555555556,39.0298104166667
2011535,252,40.96228125
2011536,298.945555555556,41.8186083333333
2011537,257.802222222222,50.8988390625
2011538,262.5,43.901446875
2011539,295.685555555556,43.1934708333333
2011541,286.5,41.445525
2011542,257.353333333333,50.4791833333333
2011543,254,47.014171875
2011544,286.708888888889,52.2293979166667
2011545,258,56.28541875
2011546,278.781111111111,48.3102583333333
2011547,266,43.4284125
2011548,275.270526315789,47.1259734868421
2011549,213,45.656325
2011550,294.251111111111,43.6104166666667
2011551,271.842222222222,47.6024083333333
2011553,240,45.35911875
2011554,246.5,56.42608125
2011556,266.299947231429,42.821820056
2011557,260.436666666667,40.8523729166667
2011558,273.5,55.442578125
2011559,307.414444444444,45.6961541666667
2011560,260.5,45.249084375
2011561,267.892222222222,47.2169729166667
2011562,265.477777777778,41.3653625
2011563,269.883333333333,46.7039833333333
2011564,258,46.621678125
2011565,276.518888888889,51.0241875
2011566,293,47.40099375
2011567,281.37,42.6393916666667
2011568,248,58.292128125
2011569,267,45.32281875
2011570,249.5,55.746590625
2011571,266.805555555556,50.9546125
2011572,282.561111111111,47.79121875
2011573,262.275024183529,36.3600288202917
2011574,232,60.579028125
2011575,255.5,63.757546875
2011576,281.032105263158,44.9183842105263
2011577,234,51.06729375
2011578,250.5,58.652859375
2011579,218,65.28555
2011580,247,52.867546875
2011581,252.5,51.772875
2011582,251,57.999459375
2011599,248.5,47.892178125
2012192,231.516,42.4049226575
2012193,268.761428571429,35.9513396653846
2012194,221.282,38.6952328125
2012195,232.17,33.8361375025
2012196,228.958,31.064859375
2012197,247.799285714286,40.0219134623077
2012198,242.464285714286,34.7935500015385
2012199,248.249285714286,36.4626228376923
2012200,230.002,40.04485547
2012201,270.289617130349,31.9277276831845
2012202,250.1275327125,40.1579569225532
2012203,228.774,40.5601453125
2012204,214.866,41.7858375025
2012205,220.162,28.652327345
2012206,228.234,39.90504375
2012207,238.602,33.0980375
2012208,215.648,42.32050625
2012209,224.422,35.10890625
2012210,218.75,46.6164789075
2012211,230.616,26.3186343775
2012212,234.43,36.0472234375
2012213,234.072,39.779033595
2012214,233.062,31.554153125
2012215,216.876,39.652078125
2012216,211.458,50.0154445325
2012217,222.572,39.6949007825
2012218,222.483571428571,51.83871529
2012219,209.798,25.2273656275
2012220,221.01,35.7642914075
2012221,203.598,45.4423062525
2012222,243.126,27.50244922
2012223,238.064,37.3773726575
2012224,204.092,40.12284375
2012225,242.688,33.5088703125
2012227,247.1473584375,43.9773036322581
2012228,205.104,37.672877345
2012229,240.78,38.5230550492308
2012230,233.307857142857,41.0960502415385
2012231,248.37,43.82005547
2012232,229.270714285714,38.6957127415385
2012600,257.5,46.179271875
2012601,231.995555555556,49.07986875
2012602,272.742222222222,40.5276895833333
2012603,251,67.487371875
2012604,251.5,55.013784375
2012605,245.618888888889,48.4683145833333
2012606,236.7,50.7378208333333
2012607,256,50.351503125
2012608,240,58.489509375
2012609,262.075555555556,43.4710145833333
2012610,249.126666666667,48.8474479166667
2012611,261.808888888889,44.6747125
2012612,246.77214338,43.4643495005
2012614,245.015555555556,50.5071645833333
2012615,261.969410096212,34.6962089718598
2012616,268.064584704762,42.024758482381
2012617,251.972222222222,44.458425
2012618,281,45.2298
2012619,251,50.08265625
2012620,233.503333333333,51.8444666666667
2012621,265.5,46.079446875
2012622,271,54.206109375
2012623,248,57.27913125
2012624,259.554444444444,41.34948125
2012625,274.531111111111,41.9547333333333
2012626,256.242662442105,39.9670861005263
2012627,257.645139405,45.326562188
2012628,247.753333333333,49.5346270833333
2012629,264,51.86589375
2012630,275.283810056723,35.0263968108475
2012631,280.5,48.68964375
2012632,263.938888888889,44.1796208333333
2012633,239.6267711,45.3129658933333
2012634,256,47.598375
2012635,277.044444444444,45.0667020833333
2012636,263.5,54.7177125
2012637,254.5,46.52071875
2012638,254.99919765,41.7257383125
2012639,249.5,57.98925
2012640,233.810235780952,44.1324812504762
2012641,245.036130085,44.0057072815
2012642,317,59.84055
2012643,246.304255566667,45.2330626790476
2012644,298,63.14158125
2012645,260,35.704453125
2012646,282,56.5327125
2012647,260.177161395238,38.6972908928571
2012648,274.5,52.8573375
2012649,256.5727068,42.3218242857143
2012650,277.307777777778,43.7102416666667
2012651,263,44.582071875
2012652,259.5,56.288821875
2012653,257.975555555556,42.5471291666667
2012654,266.834444444444,43.9671145833333
2012655,275.301111111111,41.4346854166667
2012656,252.319503084211,41.6707402310526
2012657,262.5,50.040684375
2012658,261.69,42.0850604166667
2012659,266.323333333333,40.1883854166667
2012660,265.017777777778,53.7408895833333
2012661,288.284444444444,38.0860104166667
2012662,265.646666666667,46.5877729166667
2012663,271,50.25735
2012664,264.551666666667,52.615715625
2012665,285.5,67.5225375
2012666,235.968888888889,53.5132583333333
2012667,269.064063561538,41.9586134761538
2012668,258,52.3582125
2012669,244.177777777778,42.8617291666667
2012670,262,48.919921875
2012671,258.558299797436,39.5424179951282
2012672,298,49.586934375
2012673,253.899689364865,41.9431628472973
2012674,278.5,63.7201125
2012675,268.622222222222,46.5386166666667
2012676,282.918888888889,44.61496875
2012677,272.071111111111,40.4220666666667
2013234,245.678597075,35.5002482525532
2013235,211,34.759090625
2013236,244.739515057143,37.0007012030769
2013237,243.6,28.717009375
2013238,219,37.4525070325
2013239,210.8,41.0603750025
2013240,241.629073542857,33.2602036069231
2013241,233.871003328571,33.8572781261538
2013242,238.4411000875,39.33673403
2013243,238.068116003125,39.72135907
2013244,213.8,35.513270315
2013245,238.552437407143,32.6394600969231
2013246,247.997996335714,37.4274552892308
2013247,211,43.4958570325
2013248,218.8,42.1563703125
2013249,198,43.8559015625
2013250,230.298837385714,38.6738603376923
2013251,256.771149578495,40.8315738193333
2013252,207.8,39.181302345
2013253,209.6,49.4732882825
2013254,234.771648385714,29.7980665869231
2013255,216.6,35.0647265625
2013256,237.320002257143,33.3899425492308
2013257,247.555164158333,39.6065400635106
2013258,213.560856928571,40.9668788469231
2013259,236.833057092857,32.07403053
2013260,247.78718746875,35.7855002193548
2013261,214.6,37.8920007825
2013262,210,39.0241039075
2013263,245.060338290625,39.407354296129
2013700,256.821673495238,46.615725357619
2013701,258.771087655556,49.7487718766667
2013702,274.5,56.9320125
2013703,256.735905955556,40.30736875
2013704,278.5,48.269925
2013705,277.985129466667,49.3251458333333
2013706,253.5,43.98879375
2013707,257.626120666667,49.1037031255556
2013708,277.530234256667,40.0717092286364
2013709,272,50.725846875
2013710,277.281885214286,43.4276303214286
2013711,271.659610311111,42.2114802088889
2013712,263,54.53394375
2013713,271.558871822222,41.2592354166667
2013714,271.617785988889,44.6779895844444
2013715,265.031792544444,46.00344375
2013716,290,51.23064375
2013717,267.5,54.1732125
2013718,271.5,54.467015625
2013719,278,49.591471875
2013720,279.452959471429,39.4600662504762
2013721,272.921029,45.5864979177778
2013722,293,54.27984375
2013723,285.85247287619,40.9603041966667
2013724,279,45.235471875
2013725,274,59.74299375
2013726,280.428403397436,38.0559077712821
2013727,270.5,48.7372875
2013728,253,59.06236875
2013729,254.5,51.28963125
2013730,263.658947433333,44.6254302088889
2013731,268.129436609524,43.5500175004762
2013732,283,51.627675
2013733,276.824362866667,43.9823656266667
2013734,256.9861569,49.7094468755556
2013735,259.5,51.42121875
2013736,247.218768666667,48.5730552088889
2013737,281.737083874359,40.0719946658974
2013738,272.76598184359,38.4377259941026
2013739,275.339224365606,31.05796769301
2013740,275.959588237778,39.2013024595455
2013741,256.5,55.009246875
2013742,255.685728288889,45.9929822922222
2013743,274.5,43.8004875
2013744,273.5,51.536925
2013745,259.758490655556,42.1992541677778
2013746,261,64.47106875
2013747,277.726972788889,42.0400635422222
2013748,256.900641555556,46.0304166666667
2013749,264.602354255556,45.0796843755556
2013750,277.5,44.79193125
2013751,257.914828833333,42.66976771
2013752,246.758572044444,48.0888031255556
2013753,261.5,51.12855
2013754,269.503963911111,47.1380708344444
2013755,279.046435374359,38.7894314928205
2013756,266.42465277619,41.1988665
2013757,265.5,55.456190625
2013758,275.565503248734,39.2069035136538
2013759,246,52.921996875
2013760,264.5,54.104015625
2013761,263.464029966667,46.5485739588889
2013762,271.497506033333,41.7713427088889
2013763,260.119591611111,45.3917635422222
2013764,249,54.0824625
2013765,281.214647088889,41.0389145844444
2013766,230.163267355556,47.6635385433333
2013767,263.588879066667,44.8323906255556
2013768,246.5,61.602234375
2013769,273.852226857143,50.5380591971429
2013770,254.075936222222,47.34503125
2013771,276.343169347619,39.3121761609524
2013772,259.104955044444,46.0780604177778
2013773,271.5,50.5069125
2013774,275.561367444444,38.5038385422222
2013775,270.725540571795,38.6208905153846
2013776,252,59.049890625
2013777,277.397508422222,46.0560031255556
2013778,291.225009511111,41.1363447922222
2013779,239,54.059775
2013780,232,76.988896875
2013781,244,56.259328125
2013782,250.5,49.375940625
2013783,237.5,59.27109375
2013784,269.5,60.73216875
2013785,246.5,68.22585
2013786,234,65.2628625
2014264,264.370727428571,33.0026685584615
2014265,259.401802775,36.6180426070968
2014266,254.509731242857,36.5753040876923
2014267,271.666990278474,32.9385027995452
2014268,202.16321874,34.54171875
2014269,203.44307904,40.6313273475
2014270,252.139869371429,28.7192336553846
2014271,266.11695018125,33.6040902109677
2014272,189.041674,38.91133125
2014273,265.268029025,40.0249166403226
2014274,268.6262912625,34.3809693258065
2014275,247.286720707143,37.2916182707692
2014276,248.250145635714,33.0145882223077
2014277,201.10663066,37.6811015625
2014278,220.79960792,34.47876094
2014279,204.07231438,43.7953828125
2014280,224.34588742,27.63025547
2014281,212.72949546,30.7568765625
2014282,260.039647395833,46.4506765568889
2014284,214.64265644,37.0586132825
2014285,278.6070241,32.4098402445161
2014286,226.82151574,40.2238031275
2014287,208.56063806,35.776202345
2014288,262.422840783871,34.8985018321667
2014289,238.338344535714,36.7579384623077
2014290,187.3737778,36.5268750025
2014291,196.72561212,35.111458595
2014292,199.44831246,41.2365164075
2014293,212.54004482,31.59744844
2014294,241.872643921429,33.9719134630769
2014295,234.313451546154,43.0665846883333
2014296,224.3095854,31.635733595
2014297,256.542475161538,40.3586992208333
2014800,264.455745233333,47.0569
2014801,262.335206266667,51.16258125
2014802,253.862248196386,43.9795216637349
2014803,273.439185922222,38.8034395833333
2014805,275.634881155556,44.5236515625
2014806,274.898841611111,44.9792291666667
2014807,265.8193,51.985003125
2014808,241.6832,48.243834375
2014809,247.368071955556,48.6271270833333
2014810,263.21005,44.64219375
2014811,260.599822444444,48.0319583333333
2014812,249.762725111111,56.5218729166667
2014813,254.175265511111,45.002925
2014814,268.042870377778,44.27616875
2014815,263.7512,48.11338125
2014816,253.50225,45.918365625
2014817,268.420529533333,48.3430291666667
2014818,261.026785833333,51.1908145833333
2014819,281.275939755556,46.9646375
2014820,229.2482,58.3749375
2014821,260.3825254,45.1012375
2014822,234.3145,55.984809375
2014823,266.014445144444,53.96826875
2014824,267.90875,54.169809375
2014825,254.58325,44.75563125
2014826,284.942295294444,44.4709105402778
2014827,272.023662368421,41.9886638042105
2014828,262.177330466667,46.8794333333333
2014829,275.641859783333,42.7440061222222
2014830,286.810707931579,46.0536428289474
2014831,276.828567794737,42.4475721326316
2014832,277.933095066667,39.6398520833333
2014833,242.73095,57.77371875
2014834,283.923576815789,40.6645018331579
2014835,282.422802215789,41.26257787
2014836,288.147900608333,37.8216513208333
2014837,265.491169566667,40.9035458333333
2014839,285.598938766667,47.7464109375
2014841,277.374436962857,41.4314130865714
2014842,235.6002,58.85818125
2014843,267.612251194737,45.3979739626316
2014844,266.665480855556,43.9333354166667
2014846,247.6041,49.92384375
2014847,253.76235,65.0496
2014848,240.5572,49.141125
2014849,279.709869311111,49.8154479166667
2014850,230.0608,55.31439375
2014851,229.84035,48.9324
2014852,281.390149755556,43.9608125
2014853,261.1329588375,47.9095178571429
2014854,257.156704955556,50.8958770833333
2014855,283.945992933333,40.9174104166667
2014856,233.9039,65.066615625
2014857,275.022940044444,45.17156875
2014858,272.215458166667,42.0129645833333
2014859,259.4128878,43.69688125
2014860,236.97585,54.90148125
2014861,263.564388666667,51.6037270833333
2014862,246.33865,47.4667875
2014863,272.916509226316,46.2481104415789
2014864,265.223743736364,51.9509131321212
2014865,262.89581104,52.979169375
2014866,253.91425,61.39918125
2014867,271.160802402778,45.6237899
2014868,271.063423811111,45.7261520833333
2014869,238.0517,56.749378125
2014870,244.4414,50.750803125
2014871,257.8232,52.5397125
2014872,273.315275066667,49.1370916666667
2014873,227.36545,58.5745875
2014874,253.1075914,52.029395
2014875,245.614,61.518290625
2014876,277.008884911111,43.8561979166667
2014877,238.71875,69.1515
2014878,272.076680419444,41.8047213466667
2014879,249.716,56.78908125
2014880,280.85035,63.5295375
2014881,258.27795,54.655321875
2014882,268.4319137,48.0458229166667
2014883,268.780093011111,40.87909375
2014884,267.713085388889,47.289825
2014885,277.069176776712,34.7243987791071
2014886,232.66555,58.9738875
2014887,249.5667,64.64803125
2014888,232.38805,53.751225
2014889,284.974,45.1617375
2014890,264.605551988889,56.5601895833333
2014891,262.4960636,54.4936104166667
2014892,271.223393377778,45.365925
2014893,247.677,50.33675625
2014894,257.11255,61.73041875
2014895,255.7799,55.9246875
2014896,253.7283,53.7466875
2014897,298.080877021053,38.9166328389474
2014898,229.6592,58.306875
2014899,264.2786965875,46.5496453125
2014900,241.71135,54.96046875
2014901,277.187140133333,46.9008604166667
2014902,284.202086378947,41.6041942105263
2014903,258.89145,50.242603125
2014904,228.3913,64.896459375
2014905,214.109,71.226271875
2014906,215.9516,65.840259375
2014907,217.97795,66.66495
2014908,223.7125,61.479721875
2014909,223.19995,62.5857375
2014910,258.4982,68.009184375
2014911,239.44865,59.0964
2014912,221.2951,67.17315
2014913,218.47265,83.445759375
2014914,258.51425,52.353675
2015306,274.06824735813,34.7075599090894
2015307,257.76195482,31.0634414075
2015308,260.931692333333,29.867866878
2015309,255.150302664286,33.6700824530769
2015310,252.40940446,32.791378125
2015311,273.436264807143,36.2280108184615
2015312,269.064755822222,46.3015007825
2015313,246.39797924,33.1367953125
2015314,261.86019668,26.842715625
2015315,244.1605897,33.14870625
2015316,234.14581998,28.308328125
2015317,254.962703886364,44.429645644186
2015319,267.401423871429,33.9414598561538
2015320,258.966377075,41.0508465274074
2015322,247.04384984,30.1445976575
2015323,261.95262886,31.7307375
2015324,251.182401792857,35.6048899046154
2015325,263.086657469231,34.0797445325
2015326,230.70671086,25.6209937525
2015327,262.707457071429,28.9615536061538
2015328,267.764969357143,32.9193007223077
2015329,258.285485907143,37.9784387030769
2015332,242.75722022,33.9841734375
2015333,249.90121926,29.9764265625
2015334,276.457388361538,33.4489942191667
2015335,240.19221114,23.785348125
2015336,272.483194492308,31.4588656266667
2015337,277.494447053846,32.8662090633333
2015338,258.876003224138,42.2871151157143
2015339,246.32997936,34.42828125
2015340,226.28868996,36.9477281275
2015341,242.61089682,29.8292414075
2015342,254.67407262,31.3434051575
2015343,261.332839425,38.858347257037
2015344,256.78832315,34.6311773092308
2015345,250.59411132,28.1756062525
2015346,263.711395842857,38.5922926446154
2015347,247.1684836,33.307802345
2015500,281.28702035,47.4804
2015501,305.9215826,48.0778735380952
2015502,285.479062633333,49.6411322922222
2015503,301.6714912125,33.46051757875
2015504,291.977211566667,48.6960718755556
2015505,261.9553452,57.364209375
2015506,289.096904055556,40.4621479177778
2015507,263.403823,52.57828125
2015508,288.555246052778,34.02165379332
2015509,281.44400545,66.801075
2015510,296.982818676191,44.6191527785714
2015511,285.67310297619,48.3781496871429
2015513,280.140496466667,40.5376468755556
2015514,296.6925982,51.2238375
2015516,269.7953181,51.82051875
2015517,269.86191375,56.328525
2015518,256.14551805,68.3120625
2015519,288.841799285714,42.4466199671429
2015520,269.62238655,53.05018125
2015521,298.45048915,56.6688375
2015522,255.7195115,61.477453125
2015523,275.1918357,54.03028125
2015524,264.29934845,60.67771875
2015525,270.687145666667,48.1264895833333
2015527,291.65229705,67.097146875
2015528,267.5680672,61.82116875
2015529,260.8687342,58.169615625
2015530,254.44525695,63.5295375
2015531,292.622887688889,43.38896146
2015533,293.3172957,60.01070625
2015534,301.252664144444,39.9520572922222
2015535,285.42528845,50.992425
2015537,292.097836033333,42.6557770844444
2015538,303.401974766667,42.5433479177778
2015539,279.842974361905,48.3896607609524
2015541,266.7267837,61.15869375
2015542,270.75918415,52.008825
2015543,274.864896422222,56.4340218755556
2015544,256.8634452,53.98490625
2015545,307.37439155,57.15208125
2015546,278.5069158,55.97233125
2015547,299.612432985714,46.4612551566667
2015548,292.254991119048,51.6841793528571
2015549,272.7119071,50.03955
2015550,244.21334155,53.424525
2015552,281.7326957,61.15415625
2015553,260.7464804,65.5578
2015915,290.741836671429,53.7338627271429
2015916,288.581948138095,54.8007919015
2015918,275.984842260526,47.6649037823684
2015919,268.9549457,49.12978125
2015920,264.9745841,53.325834375
2015921,284.2104054,45.035631952381
2015923,257.45896815,54.233334375
2015924,259.0092009,57.273459375
2015926,311.859636833333,42.2408479166667
2015927,286.118872614286,44.440443042381
2015928,270.0169721,54.1959
2015930,264.219183612821,52.8100338184615
2015931,290.08871305,53.720596875
2015932,263.81816135,55.222509375
2015933,266.0979226,52.15629375
2015934,263.30860115,52.788140625
2015935,259.9832638,56.1334125
2015936,301.004083011111,36.43234375
2015937,289.861588,59.432175
2015938,284.510717104762,45.6663165314286
2015939,280.98223665,60.828590625
2015940,264.75132735,49.3090125
2015941,250.8634875,65.8527375
2015943,302.145107728571,44.6975226757143
2015944,317.661429788889,36.8787833333333
2015945,277.769866842857,47.4001959742857
2015947,257.4185892,56.5554
2015949,272.7465493,49.5631125
2015951,270.44795115,51.084309375
2015952,265.71025025,57.0046125
2015953,282.12131995,55.744321875
2015954,302.356150811111,37.78603125
2015955,264.74665265,53.47216875
2015957,277.31921852381,49.6521976638095
2015958,274.133415611111,47.7614729166667
2015959,287.2287681,44.3506593755556
2015960,259.805164605128,53.3456530707692
2015962,287.563999114286,52.0078134266667
2015963,284.796459861905,54.2714056447619
2015964,296.648971471429,44.4112837771429
2015965,290.964601633333,50.2891125011111
2015968,258.03817585,60.928415625
2015969,254.41533025,61.534171875
2015970,308.125882655556,39.6363229166667
2015971,262.557751077381,40.2584278461905
2015972,264.101067861538,46.9412494110256
2015974,262.8448331,53.781853125
2015975,299.832779777778,36.9516354177778
2015976,258.70064805,52.4035875
2015977,266.9138725,52.47165
2015978,274.76793765,60.685659375
2015979,298.6449087,43.4001791677778
2015980,271.9718141,57.127125
2015982,302.21019955,55.458459375
2015983,254.92025245,58.71751875
2015984,287.074277222222,48.3942020833333
2015985,294.51141797619,43.0543801942857
2015986,278.673194638095,50.0052401290476
2015987,263.733985384615,48.981544054359
2015989,254.77474225,63.2028375
2015990,293.887249522222,44.6680322922222
2015991,287.966248066667,46.5928145844444
2015992,250.50039485,55.59571875
2015993,282.046279928205,42.6299888733333
2015994,309.588880177778,39.4293625
2015996,283.950757244444,49.4974447922222
2015997,275.957144880952,44.4478311128571
2015998,290.4423833,67.2956625
2015999,292.106718677778,52.9735479166667
2016348,247.55185234,38.6682535944444
2016349,290.42873435,26.7319628133333
2016350,267.514328322222,36.62811796875
2016352,277.77077973,34.9791148455556
2016353,257.281010723077,42.7872502912
2016354,257.41175735,39.8744597411111
2016355,257.50907326,40.5867401055556
2016358,272.99648353,42.0306104188889
2016359,267.6612342,25.3526195316667
2016360,250.029060492308,44.0503479664
2016361,285.975635975,39.96232969
2016362,282.9633526,30.66130547
2016363,263.550399475,32.0404218766667
2016364,264.969631775,41.1666578133333
2016365,263.1386068,29.73125977
2016366,280.3963273,35.91270547
2016367,259.696145466667,34.77313125
2016368,262.749150575,33.91025
2016369,260.4899688,31.2866296866667
2016372,249.356192636,43.87384059625
2016373,255.18292682,38.2175348966667
2016374,285.674322375,34.3553031266667
2016375,242.943314096154,45.6295204768
2016376,270.62030415,33.2930995844444
2016377,274.25495417,43.8773225011111
2016378,260.141266375,34.3766671866667
2016379,267.257675166667,40.03719844
2016380,270.87079791,40.9181666666667
2016381,255.98616594,40.5080585933333
2016382,259.573939475,23.6120156266667
2016385,271.710305125,31.1720578133333
2016386,251.597681611538,52.3297723632
2016387,267.215831225,31.2786890633333
2016388,261.82051437,42.5517611988889
2016389,259.871761033333,34.37893594
2016390,277.051820375,32.85055469
2016391,238.027895557692,40.6028958208
2016392,279.454118975,36.2013093766667
2016600,295.3334383225,41.7734220745679
2016601,244.536026575,50.26979212375
2016602,258.6186269,39.774590625
2016603,257.2981945875,47.82464720125
2016604,271.186199,45.621159375
2016605,259.053153414286,45.6389568314286
2016606,255.8626126,45.711919922
2016607,282.6425910125,41.83671164375
2016608,261.17956942963,42.9031744750617
2016609,264.501275925,36.709015888
2016610,249.910923905,41.3599963495
2016611,236.3334589,44.774915625
2016612,278.84486825,45.8877375
2016614,233.357294,46.492359375
2016616,244.9335979,44.19525
2016617,277.5586422125,37.03419908375
2016618,266.46059735,39.6622875
2016619,253.7257442125,39.5142220125
2016620,257.75194695,43.67570625
2016621,280.47818045,39.15944721875
2016622,262.866235275,47.092834375
2016623,274.8359868,39.20626875
2016624,243.13043616,43.8142079135
2016625,250.67883495,51.80690625
2016626,255.560153608108,40.8877942594595
2016627,246.636409905263,48.1574127052632
2016628,267.56622465,37.9911859425
2016629,269.0416656,35.256375
2016631,281.104563075,42.3877351875
2016632,267.6550221875,42.4777737125
2016633,236.4115121,44.2814625
2016634,255.20986645,49.921575
2016635,300.0259172,46.4392954075
2016636,295.21462015,44.22173123375
2016637,267.48944435,47.5484625
2016638,270.5892693,41.5858740525
2016639,277.3066963125,39.03013299875
2016640,235.7926513,47.5756875
2016641,237.7323093125,49.00836733
2016642,263.3703056,49.076465625
2016643,263.5876029,38.245453125
2016644,293.5005841,40.78305
2016645,291.469456275,33.90105414625
2016646,243.741894205263,50.5914115089474
2016647,262.263787852632,39.4214266455263
2016648,248.414769785,40.119581408
2016649,241.474145975,49.664298125
2016650,295.7938817125,37.67228254375
2016651,270.8303929,46.32926016625
2016652,291.093279775,37.5487807125
2016653,277.923432225,40.72998965
2016654,259.7771115875,43.2443244775
2016655,278.0545491,44.4720375
2016656,289.8974478,50.03274375
2016657,289.1610743,37.93644835625
2016658,296.64498165,43.49420625
2016659,261.75672315,46.60693125
2016660,248.4461686,51.594778125
2016661,265.9178273,43.03138125
2016662,266.7330372,35.1822928528571
2016663,279.34827255,48.88021875
2016664,250.39418795,53.206725
2016665,264.30222605,51.09451875
2016666,241.241234955,50.280566238
2016667,242.91584615,55.37565
2016668,230.24600695,63.446728125
2016669,266.4489488375,41.2947654775
2016670,252.6847821625,42.3118693775
2016671,251.58915455,51.96571875
2016672,245.133175415,43.1938801725
2016673,248.65456915,46.224646875
2016674,263.4887490125,47.78508837625
2016675,258.387381047368,35.6538918234211
2016676,251.25300605,47.75945625
2016677,256.180837825,42.9705150075
2016678,253.972524826316,38.455695456579
2016679,265.14327025,40.584534375
2016680,253.011908992105,39.1805849810526
2016681,228.07563965,60.11506875
2016682,242.8287378,47.297765625
2016683,242.2746072,58.7379375
2016684,241.30855265,55.224778125
2016685,271.975479014286,49.4716170692857
2017392,213.68170105,34.8693640633333
2017394,225.7422804,54.023853125
2017395,236.633248083333,37.2748062516667
2017396,220.6893973,35.7779984383333
2017398,270.119956722727,29.5651255654545
2017400,257.443360631818,33.6281536204545
2017401,222.207093733333,30.8759859383333
2017405,253.657577854545,32.8234087463636
2017406,215.813953966667,36.7592328133333
2017407,212.024622,41.93935625
2017410,266.969129105556,36.19487285
2017413,235.930140833333,41.07855469
2017415,222.894739416667,37.3116734383333
2017419,268.646814136364,30.0395150031818
2017424,255.404303627273,34.6264634390909
2017426,251.259438622727,31.5256287509091
2017428,251.156621661111,40.3188584305556
2017429,223.104331733333,44.035303125
2017432,229.86170475,37.6013171916667
2017433,226.999637366667,48.2162312516667
2017434,211.566111083333,33.3963403133333
2017435,229.210922113636,32.5161340672727
2017700,246.053962716667,46.8668921883333
2017701,302.914813485897,33.3860563696203
2017702,278.961857993939,40.7481158324242
2017703,270.8124288,62.4700312516667
2017705,269.222736782353,32.9256107211765
2017707,242.837588,58.5038781266667
2017710,276.930056642424,41.5678885454545
2017711,255.114339183333,44.3561421883333
2017713,257.590970366667,50.6640234383333
2017714,258.791011335294,39.9057644123529
2017716,257.147317152941,32.5474127647059
2017719,263.338839216667,49.2048390633333
2017721,270.638656616667,49.76654375
2017722,209.402389533333,76.476537505
2017724,252.426933090909,42.8099596545455
2017725,248.845422666667,37.8170148133333
2017726,256.605995183333,55.0073562516667
2017728,249.023279816667,56.836157815
2017730,238.6062317,47.6284359383333
2017731,259.691032416667,44.2030015633333
2017732,275.42882285,53.09914844
2017734,255.741035466667,57.1267468766667
2017735,255.805633533333,52.4862078133333
2017736,267.68315125,43.335015625
2017738,275.432740263291,37.1564407606494
2017745,272.8509242,43.0750546883333
2017749,246.606775916667,49.7187109383333
2017750,250.5888977,41.604715625
2017753,261.314257316667,48.070653125
2017754,246.70200095,47.0396953133333
2017755,260.668777472727,49.6723218754545
2017756,274.206391164706,41.9186634717647
2017760,242.564888,50.3070734383333
2017761,264.248138416667,47.0618156266667
2017768,271.053156533333,43.4149890633333
2017774,222.3832983,37.91489625
2017776,291.6601280625,36.3062644733333
2018438,289.68998809375,36.7516904025
2018439,249.345293833333,28.2332703133333
2018441,276.7115000875,35.46291633125
2018443,210.09259255,24.3573000025
2018450,235.710262025,26.9972884
2018451,204.425147725,45.9367283225
2018452,219.754566325,32.04169805
2018453,241.609121675,34.74314121
2018455,218.228827125,32.48169375
2018458,216.234858425,33.46044668
2018460,231.290561425,28.75555547
2018468,203.036452625,31.77441094
2018469,203.9745713,29.34321844
2018471,232.4360667,31.9688853525
2018472,240.239359475,25.56704004
2018474,195.75399355,35.4473753925
2018475,205.22575105,37.38178254
2018477,187.911008266667,31.5692781266667
2018801,277.921672691667,46.9977045316667
2018803,274.722888946429,46.0763745760714
2018806,230.059070575,41.8096593775
2018808,223.8228302,42.7066664075
2018810,274.7123157,46.1915609375
2018811,218.940830225,51.084309375
2018815,285.999161957143,40.4645767410714
2018817,233.590534225,40.273715625
2018818,205.58879855,53.18630625
2018822,275.806827516667,43.5174609383333
2018823,226.784667975,44.80100625
2018824,273.840460258333,41.9518910941667
2018826,220.045722975,38.5877507825
2018827,232.3166504,50.1390914075
2018829,268.306812710714,45.0758893975
2018834,221.3299446,44.15129297
2018835,275.567954066667,40.024814845
2018837,236.829650875,41.7123867225
2018839,293.950722491667,39.7297828125
2018840,218.518589025,48.9363703125
2018842,248.1109352,50.3254125
2018846,266.060240260714,43.7522688617857
2018847,236.8398018,47.9732859375
2018852,244.307132725,37.5064078125
2018856,229.510231,41.87346797
2018857,225.3117943,46.5374507825
2018859,271.889976725,47.886128125
2018861,233.582939175,37.214589845
2018862,269.160290725,36.7866279691667
2018863,236.14577485,36.4349906275
2018865,209.290088675,50.165465625
2018866,231.315402975,53.6681320325
2018869,231.993381525,41.5167070325
2018872,237.06056595,48.1993101575
2018877,243.004776,37.1788570325
2018878,288.012495953571,41.2024821296429
2019001,288.57479065,32.6640445325
2019004,265.6739655,29.89673672
2019006,282.4887009,39.0001592110526
2019007,245.62041985,22.97024297
2019011,206.788444775,22.86276094
2019012,278.111581325,30.1558468766667
2019013,259.90739425,27.7760226575
2019014,262.879769675,34.4152359375
2019015,278.934605025,34.56894375
2019017,273.2904195,37.75880625
2019020,280.81027425,23.8590825025
2019021,298.291819411111,36.4167684027778
2019023,255.0624436,26.622646875
2019483,243.6754032,34.2654984375
2019486,269.519933365,37.852585782
2019487,291.152522,24.4393531266667
2019492,299.2812672,16.17221718875
2019495,276.89193095,24.7937507825
2019497,269.580008625,34.5099562533333
2019498,306.575110375,28.6900831266667
2019900,287.0793826,44.04833828125
2019901,268.6583481,41.9247984375
2019903,289.52192218125,38.3215015625
2019905,260.656394975,56.6784796875
2019907,277.49938826875,49.203025
2019908,263.695365925,38.778609375
2019909,276.0177536,40.76263125
2019910,249.702678675,44.19525
2019915,284.9825474,37.77264765625
2019916,279.7934723,43.78460625
2019919,258.3284645,53.26344375
2019921,270.415905,48.2909109375
2019924,262.22968295,49.8404671875
2019925,275.7197647,45.2978625
2019927,271.53401185,46.3874296875
2019929,283.720657,48.34440078125
2019932,289.91425070625,37.54113515625
2019933,284.181213375,33.748790625
2019936,271.74306105,45.7022671875
2019938,296.719321008333,45.0102354166667
2019943,269.71008305,40.5885046875
2019947,297.06474518,40.38854
2019949,290.65947180625,36.3907296875
2019951,254.22117235,45.3109078125
2019952,261.968853025,43.77099375
2019954,279.5484314,38.5352859375
2019955,291.6900049375,42.08795546875
2019956,289.64320274375,41.852669140625
2019957,285.3256325125,40.992775
2019959,284.4389572,42.4148484375
2019960,282.8785549625,45.403812890625
2019962,275.82564545,43.51689375
2019963,278.66959535625,46.29864375
2019964,278.90742482,42.6205795833333
2020027,274.226,26.5073333333333
2020028,243.267666666667,35.295
2020029,253.9585,33.279
2020030,277.562666666667,26.787
2020032,289.643666666667,33.86
2020034,257.8115,19.838
2020037,286.5002,36.904
2020040,259.603,21.6695
2020046,280.575833333333,34.3106666666667
2020049,246.3175,16.885
2020052,270.283,18.7585
2020055,250.1645,35.2575
2020057,266.719666666667,31.7955
2020059,273.523,32.391
2020061,284.671166666667,31.8226666666667
2020062,295.9424,24.676
2020063,257.272833333333,35.4726666666667
2020065,295.0028,34.0144
2020068,270.409,31.9883333333333
2020501,288.893333333333,43.0756333333333
2020502,277.844166666667,39.6562333333333
2020504,303.406333333333,38.2946166666667
2020505,270.883,43.5365833333333
2020507,269.696166666667,39.6951833333333
2020510,279.535,35.0461166666667
2020512,257.4645,42.8098166666667
2020513,295.353333333333,39.2013666666667
2020519,269.4355,42.6044833333333
2020520,289.106166666667,35.82205
2020521,286.792,42.1450666666667
2020523,265.414333333333,47.3662166666667
2020525,279.421833333333,35.5377166666667
2020527,286.988166666667,40.7634
2020529,276.93,41.9389833333333
2020532,272.073166666667,40.0623666666667
2020534,291.236,37.6661833333333
2020535,288.851833333333,38.0299166666667
2020538,300.586833333333,44.4259166666667
2020541,278.2025,51.2423833333333
2020547,289.693166666667,37.22905
2020548,295.1435,33.8989333333333
2020553,289.248666666667,32.1860166666667
2020554,302.100833333333,42.3432166666667
2020556,270.1695,36.5926666666667
2020557,251.8545,31.7659166666667
2020558,291.483,38.37515
2020560,293.511666666667,39.3155333333333
2020561,280.465166666667,35.6738166666667
2020563,262.278666666667,35.3373166666667
2020568,296.1665,46.9434666666667
2020570,294.005,39.2278166666667
2020571,298.0545,36.23535
19892143,260.282711864407,32.709104440678
20011372,282.6703275,29.77511350125
20049601,177.860833333333,50.1006171875
20049602,220.186666666667,44.5323484375
20049603,229.646666666667,50.590478125
20059001,187.5,59.5093125
20059002,203.5,40.973625
20059003,222.5,63.101878125
20059004,226,56.655225
20059005,201,45.18669375
20059006,199.5,48.556921875
20059007,215.5,53.99625
20059008,177,41.790375
20059009,170.5,62.713921875
20059300,236.358571428571,50.9564491071429
20059604,231.678,40.285513125
20059605,200.6015,38.230025625
20059606,199.5,44.1166796052632
20069607,248.949523809524,37.5941598214286
20069608,219.359523809524,45.9915598214286
20069609,183.517142857143,38.4366954044118
20069610,235.430882352941,31.9411306985294
20069701,236.625,36.51855625
20089616,256.356666666667,34.9698822916667
20089617,228.124444444444,30.8987364583333
20089618,234.025,36.093165625
20099401,232.965714285714,47.9184567321429
20099402,208.5,57.407315625
20099619,224.275,49.2618549107143
20099620,212.236428571429,52.1507839285714
20099621,231.577857142857,31.5137477678571
20099622,196.084,45.98317625
20099623,247.408,48.88884
20109624,258.085714285714,34.9377776785714
20109625,260.392380952381,44.2336026785714
20109626,272.032380952381,43.0054526785714
20119403,264.5060393125,38.43812671875
20119404,246.5,41.80625625
20119405,188,38.837596875
20119406,274.5,37.035075
20119627,242.243204673333,39.10946875
20119628,210.617369833333,41.7524868753333
20119629,228.264628573333,46.4177931253333
20119630,266.816843593333,42.6387362506667
20129631,227.357772833333,29.2473385416667
20129632,261.029429127778,38.5350338544444
20129633,271.839269861111,33.8387213544444
20129634,213.008800933333,38.5236270838889
20139635,240.884946557143,42.9787948671429
20139636,218.496258328571,46.137948215
20139637,253.868022364286,33.8783524557143
20149639,258.438271083333,37.171578125
